{
    "epoch": 10.0,
    "eval_accuracy": 0.8838604143947656,
    "eval_loss": 0.3947446942329407,
    "eval_runtime": 18.7397,
    "eval_samples_per_second": 97.867,
    "eval_steps_per_second": 12.273
}